-- Populate uksi database with testing data.
INSERT INTO
    uksi.individual(
        name_key,
        forename,
        surname,
        born_vague_date_start,
        born_vague_date_end,
        born_vague_date_type,
        entered_by,
        entry_date,
        system_supplied_data
    )
VALUES
    (
        'TESTDATA00000001',
        'Default',
        'User',
        '2025-10-13',
        '2025-10-13',
        'D',
        'TESTDATA00000001',
        '1999-07-16 00:00:00',
        true
    );

INSERT INTO
    uksi.owner(
        owner_key,
        owner_name,
        owner_shortname
    )
VALUES
    (
        'TESTDATA00000001',
        'Test Owner',
        'Test'
    );

INSERT INTO
    uksi.taxon_name_type(
        taxon_name_type_key,
        short_name,
        long_name,
        entered_by,
        entry_date,
        system_supplied_data
    )
VALUES
    (
        'NBNSYS0000000001',
        'Formal',
        'A Formal name of the taxon',
        'TESTDATA00000001',
        '1999-03-25 00:00:00',
        true
    ),
    (
        'NBNSYS0000000002',
        'Common Name',
        'A common name for the taxon',
        'TESTDATA00000001',
        '1999-03-25 00:00:00',
        true
    );

INSERT INTO
    uksi.TAXON (
        taxon_key,
        item_name,
        authority,
        language,
        taxon_name_type_key,
        abbreviation,
        entered_by,
        entry_date,
        system_supplied_data
    )
VALUES
    (
        'BMSSYS0000000808',
        'Agaricus nobilis',
        'Bolton',
        'la',
        'NBNSYS0000000001',
        'agnob',
        'TESTDATA00000001',
        '2002-05-16 00:00:00',
        true
    ),
    (
        'BMSSYS0000000929',
        'Agaricus puellus',
        'Batsch',
        'la',
        'NBNSYS0000000001',
        'agpue',
        'TESTDATA00000001',
        '2002-05-16 00:00:00',
        true
    ),
    (
        'BMSSYS0000001377',
        'Amanita muscaria var. puella',
        '(Batsch) Pers.',
        'la',
        'NBNSYS0000000001',
        'ammus',
        'TESTDATA00000001',
        '2002-05-16 00:00:00',
        true
    ),
    (
        'BMSSYS0000042430',
        'Amanita muscaria',
        '(L.) Lam.',
        'la',
        'NBNSYS0000000001',
        'ammus',
        'TESTDATA00000001',
        '2016-09-13 00:00:00',
        true
    ),
    (
        'BMSSYS0000042432',
        'Amanita muscaria var. muscaria',
        '(L.) Lam.',
        'la',
        'NBNSYS0000000001',
        'ammus',
        'TESTDATA00000001',
        '2016-09-13 00:00:00',
        true
    ),
    (
        'BMSSYS0000042438',
        'Amanitaceae',
        'E.-J. Gilbert',
        'la',
        'NBNSYS0000000001',
        null,
        'TESTDATA00000001',
        '2016-09-13 00:00:00',
        true
    ),
    (
        'NBNSYS0000000063',
        'Corvus corax',
        'Linnaeus',
        'la',
        'NBNSYS0000000001',
        'cocor',
        'TESTDATA00000001',
        '1999-01-01 00:00:00',
        true
    ),
    (
        'NBNSYS0000003949',
        'Fraxinus excelsior',
        'L.',
        'la',
        'NBNSYS0000000001',
        'frexc',
        'TESTDATA00000001',
        '1999-01-01 00:00:00',
        true
    ),
    (
        'NBNSYS0000131062',
        'Bufo',
        null,
        'la',
        'NBNSYS0000000001',
        null,
        'TESTDATA00000001',
        '1999-01-01 00:00:00',
        true
    ),
    (
        'NBNSYS0000159476',
        'Aves',
        null,
        'la',
        'NBNSYS0000000001',
        null,
        'TESTDATA00000001',
        '1999-01-01 00:00:00',
        true
    ),
    (
        'NBNSYS0000159760',
        'Corvidae',
        null,
        'la',
        'NBNSYS0000000001',
        null,
        'TESTDATA00000001',
        '1999-01-01 00:00:00',
        true
    ),
    (
        'NBNSYS0000160558',
        'Oleaceae',
        null,
        'la',
        'NBNSYS0000000001',
        null,
        'TESTDATA00000001',
        '1999-01-01 00:00:00',
        true
    ),
    (
        'NBNSYS0000160635',
        'Passeriformes',
        null,
        'la',
        'NBNSYS0000000001',
        null,
        'TESTDATA00000001',
        '1999-01-01 00:00:00',
        true
    ),
    (
        'NBNSYS0000164907',
        'Ash',
        null,
        'en',
        'NBNSYS0000000002',
        null,
        'TESTDATA00000001',
        '1999-01-01 00:00:00',
        true
    ),
    (
        'NBNSYS0000167007',
        'Fly Agaric',
        null,
        'en',
        'NBNSYS0000000002',
        'flaga',
        'TESTDATA00000001',
        '1999-01-01 00:00:00',
        true
    ),
    (
        'NBNSYS0000169790',
        'Raven',
        null,
        'en',
        'NBNSYS0000000002',
        'rn   ',
        'TESTDATA00000001',
        '1999-01-01 00:00:00',
        true
    ),
    (
        'NBNSYS0000189631',
        'Common Raven',
        null,
        'en',
        'NBNSYS0000000002',
        null,
        'TESTDATA00000001',
        '2000-05-02 00:00:00',
        true
    ),
    (
        'NBNSYS0100002273',
        'Chordata',
        null,
        'la',
        'NBNSYS0000000001',
        'chord',
        'TESTDATA00000001',
        '2002-01-23 00:00:00',
        true
    ),
    (
        'NBNSYS0100002988',
        'Eukaryota',
        '(Chatton, 1925) Whittaker & Margulis, 1978',
        'la',
        'NBNSYS0000000001',
        null,
        'TESTDATA00000001',
        '2002-01-23 00:00:00',
        true
    ),
    (
        'NBNSYS0100003764',
        'Magnoliopsida',
        null,
        'la',
        'NBNSYS0000000001',
        'magno',
        'TESTDATA00000001',
        '2002-01-23 00:00:00',
        true
    ),
    (
        'NBNSYS0100004650',
        'Plantae',
        null,
        'la',
        'NBNSYS0000000001',
        null,
        'TESTDATA00000001',
        '2002-01-23 00:00:00',
        true
    ),
    (
        'NBNSYS0100005847',
        'Vertebrata',
        null,
        'la',
        'NBNSYS0000000001',
        'verte',
        'TESTDATA00000001',
        '2002-01-23 00:00:00',
        true
    ),
    (
        'NBNSYS0100009067',
        'Animalia',
        null,
        'la',
        'NBNSYS0000000001',
        null,
        'TESTDATA00000001',
        '2002-01-24 00:00:00',
        true
    ),
    (
        'NHMSYS0000375304',
        'Amphibia',
        'Linnaeus, 1758',
        'la',
        'NBNSYS0000000001',
        null,
        'TESTDATA00000001',
        '2004-03-04 00:00:00',
        true
    ),
    (
        'NHMSYS0000375308',
        'Anura',
        'Rafinesque, 1815',
        'la',
        'NBNSYS0000000001',
        null,
        'TESTDATA00000001',
        '2004-03-04 00:00:00',
        true
    ),
    (
        'NHMSYS0000375309',
        'Bufonidae',
        'Gray, 1825',
        'la',
        'NBNSYS0000000001',
        null,
        'TESTDATA00000001',
        '2004-03-04 00:00:00',
        true
    ),
    (
        'NHMSYS0000375310',
        'Bufo',
        'Laurenti, 1768',
        'la',
        'NBNSYS0000000001',
        null,
        'TESTDATA00000001',
        '2004-03-04 00:00:00',
        true
    ),
    (
        'NHMSYS0000458889',
        'Fraxinus',
        'L.',
        'la',
        'NBNSYS0000000001',
        null,
        'TESTDATA00000001',
        '2004-03-29 00:00:00',
        true
    ),
    (
        'NHMSYS0000530312',
        'Corvus',
        'Linnaeus, 1758',
        'la',
        'NBNSYS0000000001',
        null,
        'TESTDATA00000001',
        '2004-06-28 00:00:00',
        true
    ),
    (
        'NHMSYS0000530313',
        'Corvus corax',
        'Linnaeus, 1758',
        'la',
        'NBNSYS0000000001',
        'cocor',
        'TESTDATA00000001',
        '2004-06-28 00:00:00',
        true
    ),
    (
        'NHMSYS0001444425',
        'Agaricus muscarius',
        'L.',
        'la',
        'NBNSYS0000000001',
        'agmus',
        'TESTDATA00000001',
        '2005-10-12 00:00:00',
        true
    ),
    (
        'NHMSYS0001445067',
        'Amanita',
        'Pers.',
        'la',
        'NBNSYS0000000001',
        null,
        'TESTDATA00000001',
        '2005-10-12 00:00:00',
        true
    ),
    (
        'NHMSYS0001445089',
        'Amanita circinnata',
        'Gray',
        'la',
        'NBNSYS0000000001',
        'amcir',
        'TESTDATA00000001',
        '2005-10-12 00:00:00',
        true
    ),
    (
        'NHMSYS0001445120',
        'Amanita muscaria var. muscaria',
        '(L.) Hook.',
        'la',
        'NBNSYS0000000001',
        'ammus',
        'TESTDATA00000001',
        '2005-10-12 00:00:00',
        true
    ),
    (
        'NHMSYS0001445123',
        'Amanita muscaria β minor',
        'Gray',
        'la',
        'NBNSYS0000000001',
        'ammus',
        'TESTDATA00000001',
        '2005-10-12 00:00:00',
        true
    ),
    (
        'NHMSYS0001445124',
        'Amanita muscaria γ puella',
        '(Batsch) Pers.',
        'la',
        'NBNSYS0000000001',
        'ammus',
        'TESTDATA00000001',
        '2005-10-12 00:00:00',
        true
    ),
    (
        'NHMSYS0001749304',
        'Fraxinus excelsior',
        null,
        'la',
        'NBNSYS0000000001',
        'frexc',
        'TESTDATA00000001',
        '2006-05-08 00:00:00',
        true
    ),
    (
        'NHMSYS0020533469',
        'Agaricales',
        'Underw.',
        'la',
        'NBNSYS0000000001',
        null,
        'TESTDATA00000001',
        '2009-12-08 00:00:00',
        true
    ),
    (
        'NHMSYS0020533470',
        'Agaricomycetes',
        'Doweld',
        'la',
        'NBNSYS0000000001',
        null,
        'TESTDATA00000001',
        '2009-12-08 00:00:00',
        true
    ),
    (
        'NHMSYS0020533471',
        'Agaricomycetidae',
        'Parmasto',
        'la',
        'NBNSYS0000000001',
        null,
        'TESTDATA00000001',
        '2009-12-08 00:00:00',
        true
    ),
    (
        'NHMSYS0020533472',
        'Agaricomycotina',
        'Doweld',
        'la',
        'NBNSYS0000000001',
        null,
        'TESTDATA00000001',
        '2009-12-08 00:00:00',
        true
    ),
    (
        'NHMSYS0020533607',
        'Basidiomycota',
        'R.T. Moore',
        'la',
        'NBNSYS0000000001',
        null,
        'TESTDATA00000001',
        '2009-12-08 00:00:00',
        true
    ),
    (
        'NHMSYS0020533984',
        'Fungi',
        'R.T. Moore',
        'la',
        'NBNSYS0000000001',
        null,
        'TESTDATA00000001',
        '2009-12-08 00:00:00',
        true
    ),
    (
        'NHMSYS0020551120',
        'Cigfrain',
        null,
        'cy',
        'NBNSYS0000000002',
        null,
        'TESTDATA00000001',
        '2010-04-13 00:00:00',
        true
    ),
    (
        'NHMSYS0020551121',
        'Cigfran',
        null,
        'cy',
        'NBNSYS0000000002',
        null,
        'TESTDATA00000001',
        '2010-04-13 00:00:00',
        true
    ),
    (
        'NHMSYS0020584843',
        'Onnen',
        null,
        'cy',
        'NBNSYS0000000002',
        null,
        'TESTDATA00000001',
        '2010-04-20 00:00:00',
        true
    ),
    (
        'NHMSYS0020584844',
        'Onnen',
        null,
        'cy',
        'NBNSYS0000000002',
        null,
        'TESTDATA00000001',
        '2010-04-20 00:00:00',
        true
    ),
    (
        'NHMSYS0020584845',
        'Onwydden',
        null,
        'cy',
        'NBNSYS0000000002',
        null,
        'TESTDATA00000001',
        '2010-04-20 00:00:00',
        true
    ),
    (
        'NHMSYS0020587134',
        'Ynn',
        null,
        'cy',
        'NBNSYS0000000002',
        null,
        'TESTDATA00000001',
        '2010-04-20 00:00:00',
        true
    ),
    (
        'NHMSYS0020787694',
        'Tracheophyta',
        null,
        'la',
        'NBNSYS0000000001',
        null,
        'TESTDATA00000001',
        '2011-08-03 00:00:00',
        true
    ),
    (
        'NHMSYS0020794127',
        'agaraig cuileig',
        null,
        'gd',
        'NBNSYS0000000002',
        'agcui',
        'TESTDATA00000001',
        '2011-08-16 00:00:00',
        true
    ),
    (
        'NHMSYS0020794128',
        'agaraigean cuileig',
        null,
        'gd',
        'NBNSYS0000000002',
        'agcui',
        'TESTDATA00000001',
        '2011-08-16 00:00:00',
        true
    ),
    (
        'NHMSYS0020795023',
        'fitheach',
        null,
        'gd',
        'NBNSYS0000000002',
        null,
        'TESTDATA00000001',
        '2011-08-16 00:00:00',
        true
    ),
    (
        'NHMSYS0020795024',
        'fithich',
        null,
        'gd',
        'NBNSYS0000000002',
        null,
        'TESTDATA00000001',
        '2011-08-16 00:00:00',
        true
    ),
    (
        'NHMSYS0020795551',
        'neabhan',
        null,
        'gd',
        'NBNSYS0000000002',
        null,
        'TESTDATA00000001',
        '2011-08-16 00:00:00',
        true
    ),
    (
        'NHMSYS0020796003',
        'uinnseann',
        null,
        'gd',
        'NBNSYS0000000002',
        null,
        'TESTDATA00000001',
        '2011-08-16 00:00:00',
        true
    ),
    (
        'NHMSYS0020796004',
        'uinnseinn',
        null,
        'gd',
        'NBNSYS0000000002',
        null,
        'TESTDATA00000001',
        '2011-08-16 00:00:00',
        true
    ),
    (
        'NHMSYS0021037898',
        'Biota',
        null,
        'la',
        'NBNSYS0000000001',
        null,
        'TESTDATA00000001',
        '2014-07-30 00:00:00',
        true
    ),
    (
        'NHMSYS0021042117',
        'Lamiales',
        'Bromhead, 1838',
        'la',
        'NBNSYS0000000001',
        null,
        'TESTDATA00000001',
        '2014-07-30 00:00:00',
        true
    ),
    (
        'NHMSYS0021047530',
        'Tetrapoda',
        null,
        'la',
        'NBNSYS0000000001',
        null,
        'TESTDATA00000001',
        '2014-07-30 00:00:00',
        true
    ),
    (
        'NHMSYS0021303505',
        'Northern Raven',
        null,
        'en',
        'NBNSYS0000000002',
        null,
        'TESTDATA00000001',
        '2020-07-21 00:00:00',
        true
    );

INSERT INTO
    uksi.TAXON_RANK (
        taxon_rank_key,
        sequence,
        short_name,
        long_name,
        abbreviation,
        list_font_italic,
        display_in_details,
        entered_by,
        entry_date,
        system_supplied_data
    )
VALUES
    (
        'NBNSYS0000000002',
        10,
        'Kng',
        'Kingdom',
        null,
        false,
        true,
        'TESTDATA00000001',
        '1999-01-01 00:00:00',
        true
    ),
    (
        'NBNSYS0000000004',
        30,
        'Phl',
        'Phylum',
        null,
        false,
        true,
        'TESTDATA00000001',
        '1999-01-01 00:00:00',
        true
    ),
    (
        'NBNSYS0000000006',
        40,
        'SubPhl',
        'Subphylum',
        null,
        false,
        true,
        'TESTDATA00000001',
        '1999-01-01 00:00:00',
        true
    ),
    (
        'NBNSYS0000000008',
        50,
        'SupCls',
        'Superclass',
        null,
        false,
        true,
        'TESTDATA00000001',
        '1999-01-01 00:00:00',
        true
    ),
    (
        'NBNSYS0000000009',
        60,
        'Cls',
        'Class',
        null,
        false,
        true,
        'TESTDATA00000001',
        '1999-01-01 00:00:00',
        true
    ),
    (
        'NBNSYS0000000010',
        70,
        'SubCls',
        'Subclass',
        null,
        false,
        true,
        'TESTDATA00000001',
        '1999-01-01 00:00:00',
        true
    ),
    (
        'NBNSYS0000000012',
        100,
        'Ord',
        'Order',
        null,
        false,
        true,
        'TESTDATA00000001',
        '1999-01-01 00:00:00',
        true
    ),
    (
        'NBNSYS0000000018',
        180,
        'Fam',
        'Family',
        null,
        false,
        true,
        'TESTDATA00000001',
        '1999-01-01 00:00:00',
        true
    ),
    (
        'NBNSYS0000000022',
        230,
        'Gen',
        'Genus',
        null,
        true,
        true,
        'TESTDATA00000001',
        '1999-01-01 00:00:00',
        true
    ),
    (
        'NBNSYS0000000028',
        300,
        'Spp',
        'Species',
        null,
        true,
        false,
        'TESTDATA00000001',
        '1999-01-01 00:00:00',
        true
    ),
    (
        'NBNSYS0000000035',
        330,
        'Var',
        'Variety',
        'var.',
        true,
        true,
        'TESTDATA00000001',
        '1999-01-01 00:00:00',
        true
    ),
    (
        'NHMSYS0020774733',
        0,
        'Unr',
        'Unranked',
        null,
        false,
        false,
        'TESTDATA00000001',
        '2011-03-18 00:00:00',
        true
    ),
    (
        'NHMSYS0021122282',
        5,
        'Dom',
        'Domain',
        null,
        false,
        true,
        'TESTDATA00000001',
        '2015-02-03 00:00:00',
        true
    );

INSERT INTO
    uksi.TAXON_GROUP_NAME (
        taxon_group_key,
        taxon_group_name,
        kingdom,
        input_level_0_flag,
        input_level1_flag,
        input_level1_sort_code,
        input_level2_flag,
        input_level2_sort_code,
        output_flag,
        parent,
        entered_by,
        entry_date
    )
VALUES
    (
        'NHMSYS0000080033',
        'amphibian',
        'AN',
        false,
        false,
        null,
        false,
        null,
        true,
        'NHMSYS0000375171',
        'TESTDATA00000001',
        '2003-06-14 00:00:00'
    ),
    (
        'NHMSYS0000080039',
        'bird',
        'AN',
        false,
        false,
        null,
        false,
        null,
        true,
        'NHMSYS0000375171',
        'TESTDATA00000001',
        '2003-06-14 00:00:00'
    ),
    (
        'NHMSYS0000080054',
        'flowering plant',
        'PL',
        false,
        false,
        null,
        false,
        null,
        true,
        'NHMSYS0000375171',
        'TESTDATA00000001',
        '2003-06-14 00:00:00'
    ),
    (
        'NHMSYS0000375171',
        'undetermined',
        null,
        false,
        true,
        null,
        true,
        1,
        true,
        null,
        'TESTDATA00000001',
        '2004-02-12 00:00:00'
    ),
    (
        'NHMSYS0000542205',
        'unassigned',
        null,
        false,
        false,
        null,
        false,
        null,
        true,
        null,
        'TESTDATA00000001',
        '2004-08-18 00:00:00'
    ),
    (
        'NHMSYS0000629144',
        'fungus',
        'FU',
        false,
        false,
        null,
        false,
        null,
        true,
        'NHMSYS0000375171',
        'TESTDATA00000001',
        '2005-01-14 00:00:00'
    );

INSERT INTO
    uksi.TAXON_VERSION (
        taxon_version_key,
        taxon_key,
        date_to,
        validation_level,
        uk_native,
        output_group_key,
        taxon_rank_key,
        gender,
        plural,
        entered_by,
        entry_date,
        system_supplied_data
    )
VALUES
    (
        'BMSSYS0000000808',
        'BMSSYS0000000808',
        '2020-03-20 00:00:00',
        0,
        false,
        'NHMSYS0000629144',
        'NBNSYS0000000028',
        null,
        false,
        'TESTDATA00000001',
        '2002-05-16 00:00:00',
        true
    ),
    (
        'BMSSYS0000000929',
        'BMSSYS0000000929',
        '2020-03-20 00:00:00',
        0,
        false,
        'NHMSYS0000629144',
        'NBNSYS0000000028',
        null,
        false,
        'TESTDATA00000001',
        '2002-05-16 00:00:00',
        true
    ),
    (
        'BMSSYS0000001377',
        'BMSSYS0000001377',
        null,
        0,
        false,
        'NHMSYS0000629144',
        'NBNSYS0000000035',
        null,
        false,
        'TESTDATA00000001',
        '2002-05-16 00:00:00',
        true
    ),
    (
        'BMSSYS0000042430',
        'BMSSYS0000042430',
        null,
        0,
        false,
        'NHMSYS0000629144',
        'NBNSYS0000000028',
        null,
        false,
        'TESTDATA00000001',
        '2016-09-13 00:00:00',
        true
    ),
    (
        'BMSSYS0000042432',
        'BMSSYS0000042432',
        null,
        0,
        false,
        'NHMSYS0000629144',
        'NBNSYS0000000035',
        null,
        false,
        'TESTDATA00000001',
        '2016-09-13 00:00:00',
        true
    ),
    (
        'BMSSYS0000042438',
        'BMSSYS0000042438',
        null,
        0,
        false,
        'NHMSYS0000629144',
        'NBNSYS0000000018',
        null,
        false,
        'TESTDATA00000001',
        '2016-09-13 00:00:00',
        true
    ),
    (
        'NBNSYS0000000063',
        'NBNSYS0000000063',
        null,
        0,
        false,
        'NHMSYS0000080039',
        'NBNSYS0000000028',
        null,
        false,
        'TESTDATA00000001',
        '1999-01-01 00:00:00',
        true
    ),
    (
        'NBNSYS0000003949',
        'NBNSYS0000003949',
        null,
        0,
        false,
        'NHMSYS0000080054',
        'NBNSYS0000000028',
        null,
        false,
        'TESTDATA00000001',
        '1999-01-01 00:00:00',
        true
    ),
    (
        'NBNSYS0000131062',
        'NBNSYS0000131062',
        null,
        0,
        false,
        'NHMSYS0000080033',
        'NBNSYS0000000022',
        null,
        false,
        'TESTDATA00000001',
        '1999-01-01 00:00:00',
        true
    ),
    (
        'NBNSYS0000159760',
        'NBNSYS0000159760',
        null,
        0,
        false,
        'NHMSYS0000080039',
        'NBNSYS0000000018',
        null,
        false,
        'TESTDATA00000001',
        '1999-01-01 00:00:00',
        true
    ),
    (
        'NBNSYS0000160558',
        'NBNSYS0000160558',
        null,
        0,
        false,
        'NHMSYS0000080054',
        'NBNSYS0000000018',
        null,
        false,
        'TESTDATA00000001',
        '1999-01-01 00:00:00',
        true
    ),
    (
        'NBNSYS0000160635',
        'NBNSYS0000160635',
        null,
        0,
        false,
        'NHMSYS0000080039',
        'NBNSYS0000000012',
        null,
        false,
        'TESTDATA00000001',
        '1999-01-01 00:00:00',
        true
    ),
    (
        'NBNSYS0000164907',
        'NBNSYS0000164907',
        null,
        0,
        false,
        'NHMSYS0000080054',
        'NBNSYS0000000028',
        null,
        false,
        'TESTDATA00000001',
        '1999-01-01 00:00:00',
        true
    ),
    (
        'NBNSYS0000167007',
        'NBNSYS0000167007',
        null,
        0,
        false,
        'NHMSYS0000629144',
        'NBNSYS0000000035',
        null,
        false,
        'TESTDATA00000001',
        '1999-01-01 00:00:00',
        true
    ),
    (
        'NBNSYS0000169790',
        'NBNSYS0000169790',
        null,
        0,
        false,
        'NHMSYS0000080039',
        'NBNSYS0000000028',
        null,
        false,
        'TESTDATA00000001',
        '1999-01-01 00:00:00',
        true
    ),
    (
        'NBNSYS0000189631',
        'NBNSYS0000189631',
        null,
        0,
        false,
        'NHMSYS0000080039',
        'NBNSYS0000000028',
        null,
        false,
        'TESTDATA00000001',
        '2000-05-02 00:00:00',
        true
    ),
    (
        'NBNSYS0100001342',
        'NBNSYS0100009067',
        null,
        0,
        false,
        'NHMSYS0000375171',
        'NBNSYS0000000002',
        null,
        false,
        'TESTDATA00000001',
        '2002-01-24 00:00:00',
        true
    ),
    (
        'NBNSYS0100002380',
        'NBNSYS0100002273',
        null,
        0,
        false,
        'NHMSYS0000542205',
        'NBNSYS0000000004',
        null,
        false,
        'TESTDATA00000001',
        '2002-01-25 00:00:00',
        true
    ),
    (
        'NBNSYS0100003095',
        'NBNSYS0100002988',
        null,
        0,
        false,
        'NHMSYS0000375171',
        'NHMSYS0021122282',
        null,
        false,
        'TESTDATA00000001',
        '2002-01-25 00:00:00',
        true
    ),
    (
        'NBNSYS0100003871',
        'NBNSYS0100003764',
        null,
        0,
        false,
        'NHMSYS0000080054',
        'NBNSYS0000000009',
        null,
        false,
        'TESTDATA00000001',
        '2002-01-25 00:00:00',
        true
    ),
    (
        'NBNSYS0100004757',
        'NBNSYS0100004650',
        null,
        0,
        false,
        'NHMSYS0000375171',
        'NBNSYS0000000002',
        null,
        false,
        'TESTDATA00000001',
        '2002-01-25 00:00:00',
        true
    ),
    (
        'NBNSYS0100005954',
        'NBNSYS0100005847',
        null,
        0,
        false,
        'NHMSYS0000542205',
        'NBNSYS0000000006',
        null,
        false,
        'TESTDATA00000001',
        '2002-01-25 00:00:00',
        true
    ),
    (
        'NHMSYS0000375304',
        'NHMSYS0000375304',
        null,
        0,
        false,
        'NHMSYS0000080033',
        'NBNSYS0000000009',
        null,
        false,
        'TESTDATA00000001',
        '2004-03-04 00:00:00',
        true
    ),
    (
        'NHMSYS0000375308',
        'NHMSYS0000375308',
        null,
        0,
        false,
        'NHMSYS0000080033',
        'NBNSYS0000000012',
        null,
        false,
        'TESTDATA00000001',
        '2004-03-04 00:00:00',
        true
    ),
    (
        'NHMSYS0000375309',
        'NHMSYS0000375309',
        null,
        0,
        false,
        'NHMSYS0000080033',
        'NBNSYS0000000018',
        null,
        false,
        'TESTDATA00000001',
        '2004-03-04 00:00:00',
        true
    ),
    (
        'NHMSYS0000375310',
        'NHMSYS0000375310',
        null,
        0,
        false,
        'NHMSYS0000080033',
        'NBNSYS0000000022',
        null,
        false,
        'TESTDATA00000001',
        '2004-03-04 00:00:00',
        true
    ),
    (
        'NHMSYS0000458889',
        'NHMSYS0000458889',
        null,
        0,
        false,
        'NHMSYS0000080054',
        'NBNSYS0000000022',
        null,
        false,
        'TESTDATA00000001',
        '2004-03-29 00:00:00',
        true
    ),
    (
        'NHMSYS0000530312',
        'NHMSYS0000530312',
        null,
        0,
        false,
        'NHMSYS0000080039',
        'NBNSYS0000000022',
        null,
        false,
        'TESTDATA00000001',
        '2004-06-28 00:00:00',
        true
    ),
    (
        'NHMSYS0000530313',
        'NHMSYS0000530313',
        null,
        0,
        false,
        'NHMSYS0000080039',
        'NBNSYS0000000028',
        null,
        false,
        'TESTDATA00000001',
        '2004-06-28 00:00:00',
        true
    ),
    (
        'NHMSYS0000841313',
        'NBNSYS0000159476',
        null,
        0,
        false,
        'NHMSYS0000080039',
        'NBNSYS0000000009',
        null,
        false,
        'TESTDATA00000001',
        '2005-06-17 00:00:00',
        true
    ),
    (
        'NHMSYS0001442739',
        'NBNSYS0000167007',
        '2020-03-20 00:00:00',
        0,
        false,
        'NHMSYS0000629144',
        'NBNSYS0000000035',
        null,
        false,
        'TESTDATA00000001',
        '2005-10-12 00:00:00',
        true
    ),
    (
        'NHMSYS0001473744',
        'NHMSYS0001444425',
        '2020-03-20 00:00:00',
        0,
        false,
        'NHMSYS0000629144',
        'NBNSYS0000000028',
        null,
        false,
        'TESTDATA00000001',
        '2005-10-12 00:00:00',
        true
    ),
    (
        'NHMSYS0001474406',
        'NHMSYS0001445067',
        null,
        0,
        false,
        'NHMSYS0000629144',
        'NBNSYS0000000022',
        null,
        false,
        'TESTDATA00000001',
        '2005-10-12 00:00:00',
        true
    ),
    (
        'NHMSYS0001474428',
        'NHMSYS0001445089',
        null,
        0,
        false,
        'NHMSYS0000629144',
        'NBNSYS0000000028',
        null,
        false,
        'TESTDATA00000001',
        '2005-10-12 00:00:00',
        true
    ),
    (
        'NHMSYS0001474459',
        'NHMSYS0001445120',
        '2020-03-20 00:00:00',
        0,
        false,
        'NHMSYS0000629144',
        'NBNSYS0000000035',
        null,
        false,
        'TESTDATA00000001',
        '2005-10-12 00:00:00',
        true
    ),
    (
        'NHMSYS0001474462',
        'NHMSYS0001445123',
        null,
        0,
        false,
        'NHMSYS0000629144',
        'NHMSYS0020774733',
        null,
        false,
        'TESTDATA00000001',
        '2005-10-12 00:00:00',
        true
    ),
    (
        'NHMSYS0001474463',
        'NHMSYS0001445124',
        null,
        0,
        false,
        'NHMSYS0000629144',
        'NHMSYS0020774733',
        null,
        false,
        'TESTDATA00000001',
        '2005-10-12 00:00:00',
        true
    ),
    (
        'NHMSYS0001749358',
        'NHMSYS0001749304',
        null,
        0,
        false,
        'NHMSYS0000080054',
        'NBNSYS0000000028',
        null,
        false,
        'TESTDATA00000001',
        '2006-05-08 00:00:00',
        true
    ),
    (
        'NHMSYS0020534935',
        'NHMSYS0020533469',
        null,
        0,
        false,
        'NHMSYS0000629144',
        'NBNSYS0000000012',
        null,
        false,
        'TESTDATA00000001',
        '2009-12-08 00:00:00',
        true
    ),
    (
        'NHMSYS0020534936',
        'NHMSYS0020533470',
        null,
        0,
        false,
        'NHMSYS0000629144',
        'NBNSYS0000000009',
        null,
        false,
        'TESTDATA00000001',
        '2009-12-08 00:00:00',
        true
    ),
    (
        'NHMSYS0020534937',
        'NHMSYS0020533471',
        null,
        0,
        false,
        'NHMSYS0000629144',
        'NBNSYS0000000010',
        null,
        false,
        'TESTDATA00000001',
        '2009-12-08 00:00:00',
        true
    ),
    (
        'NHMSYS0020534938',
        'NHMSYS0020533472',
        null,
        0,
        false,
        'NHMSYS0000629144',
        'NBNSYS0000000006',
        null,
        false,
        'TESTDATA00000001',
        '2009-12-08 00:00:00',
        true
    ),
    (
        'NHMSYS0020535073',
        'NHMSYS0020533607',
        null,
        0,
        false,
        'NHMSYS0000629144',
        'NBNSYS0000000004',
        null,
        false,
        'TESTDATA00000001',
        '2009-12-08 00:00:00',
        true
    ),
    (
        'NHMSYS0020535450',
        'NHMSYS0020533984',
        null,
        0,
        false,
        'NHMSYS0000375171',
        'NBNSYS0000000002',
        null,
        false,
        'TESTDATA00000001',
        '2009-12-08 00:00:00',
        true
    ),
    (
        'NHMSYS0020553364',
        'NHMSYS0020551121',
        null,
        0,
        false,
        'NHMSYS0000080039',
        'NBNSYS0000000028',
        'f',
        false,
        'TESTDATA00000001',
        '2010-04-13 00:00:00',
        true
    ),
    (
        'NHMSYS0020553986',
        'NHMSYS0020551120',
        null,
        0,
        false,
        'NHMSYS0000080039',
        'NBNSYS0000000028',
        null,
        true,
        'TESTDATA00000001',
        '2010-04-13 00:00:00',
        true
    ),
    (
        'NHMSYS0020589135',
        'NHMSYS0020584843',
        null,
        0,
        false,
        'NHMSYS0000080054',
        'NBNSYS0000000028',
        null,
        false,
        'TESTDATA00000001',
        '2010-04-21 00:00:00',
        true
    ),
    (
        'NHMSYS0020589136',
        'NHMSYS0020584844',
        null,
        0,
        false,
        'NHMSYS0000080054',
        'NBNSYS0000000028',
        'f',
        false,
        'TESTDATA00000001',
        '2010-04-21 00:00:00',
        true
    ),
    (
        'NHMSYS0020593507',
        'NHMSYS0020587134',
        null,
        0,
        false,
        'NHMSYS0000080054',
        'NBNSYS0000000028',
        null,
        true,
        'TESTDATA00000001',
        '2010-04-21 00:00:00',
        true
    ),
    (
        'NHMSYS0020594317',
        'NHMSYS0020584845',
        null,
        0,
        false,
        'NHMSYS0000080054',
        'NBNSYS0000000028',
        null,
        false,
        'TESTDATA00000001',
        '2010-04-21 00:00:00',
        true
    ),
    (
        'NHMSYS0020787695',
        'NHMSYS0020787694',
        null,
        0,
        false,
        'NHMSYS0000080054',
        'NBNSYS0000000004',
        null,
        false,
        'TESTDATA00000001',
        '2011-08-03 00:00:00',
        true
    ),
    (
        'NHMSYS0020796032',
        'NHMSYS0020794127',
        null,
        0,
        false,
        'NHMSYS0000629144',
        'NBNSYS0000000035',
        'f',
        false,
        'TESTDATA00000001',
        '2011-08-16 00:00:00',
        true
    ),
    (
        'NHMSYS0020796033',
        'NHMSYS0020794128',
        null,
        0,
        false,
        'NHMSYS0000629144',
        'NBNSYS0000000035',
        null,
        false,
        'TESTDATA00000001',
        '2011-08-16 00:00:00',
        true
    ),
    (
        'NHMSYS0020797094',
        'NHMSYS0020795023',
        null,
        0,
        false,
        'NHMSYS0000080039',
        'NBNSYS0000000028',
        'm',
        false,
        'TESTDATA00000001',
        '2011-08-16 00:00:00',
        true
    ),
    (
        'NHMSYS0020797095',
        'NHMSYS0020795024',
        null,
        0,
        false,
        'NHMSYS0000080039',
        'NBNSYS0000000028',
        null,
        true,
        'TESTDATA00000001',
        '2011-08-16 00:00:00',
        true
    ),
    (
        'NHMSYS0020797096',
        'NHMSYS0020795551',
        null,
        0,
        false,
        'NHMSYS0000080039',
        'NBNSYS0000000028',
        null,
        false,
        'TESTDATA00000001',
        '2011-08-16 00:00:00',
        true
    ),
    (
        'NHMSYS0020797943',
        'NHMSYS0020796003',
        null,
        0,
        false,
        'NHMSYS0000080054',
        'NBNSYS0000000028',
        'm',
        false,
        'TESTDATA00000001',
        '2011-08-16 00:00:00',
        true
    ),
    (
        'NHMSYS0020797944',
        'NHMSYS0020796004',
        null,
        0,
        false,
        'NHMSYS0000080054',
        'NBNSYS0000000028',
        null,
        true,
        'TESTDATA00000001',
        '2011-08-16 00:00:00',
        true
    ),
    (
        'NHMSYS0021048735',
        'NHMSYS0021037898',
        null,
        0,
        false,
        'NHMSYS0000542205',
        'NHMSYS0020774733',
        null,
        false,
        'TESTDATA00000001',
        '2014-07-30 00:00:00',
        true
    ),
    (
        'NHMSYS0021053521',
        'NHMSYS0021047530',
        null,
        0,
        false,
        'NHMSYS0000542205',
        'NBNSYS0000000008',
        null,
        false,
        'TESTDATA00000001',
        '2014-07-30 00:00:00',
        true
    ),
    (
        'NHMSYS0021060389',
        'NHMSYS0021042117',
        null,
        0,
        false,
        'NHMSYS0000080054',
        'NBNSYS0000000012',
        null,
        false,
        'TESTDATA00000001',
        '2014-07-30 00:00:00',
        true
    ),
    (
        'NHMSYS0021303506',
        'NHMSYS0021303505',
        null,
        0,
        false,
        'NHMSYS0000080039',
        'NBNSYS0000000028',
        null,
        false,
        'TESTDATA00000001',
        '2020-07-21 00:00:00',
        true
    );

INSERT INTO
    uksi.NAMESERVER (
        input_taxon_version_key,
        taxon_version_form,
        taxon_version_status,
        taxon_type,
        recommended_taxon_version_key,
        entered_by,
        entry_date
    )
VALUES
    (
        'BMSSYS0000000808',
        'U',
        'U',
        'S',
        'BMSSYS0000042432',
        'TESTDATA00000001',
        '2006-06-23 00:00:00'
    ),
    (
        'BMSSYS0000000929',
        'U',
        'U',
        'S',
        'BMSSYS0000042432',
        'TESTDATA00000001',
        '2006-06-23 00:00:00'
    ),
    (
        'BMSSYS0000001377',
        'W',
        'S',
        'S',
        'BMSSYS0000042432',
        'TESTDATA00000001',
        '2007-06-05 00:00:00'
    ),
    (
        'BMSSYS0000042430',
        'W',
        'R',
        'S',
        'BMSSYS0000042430',
        'TESTDATA00000001',
        '2016-09-13 00:00:00'
    ),
    (
        'BMSSYS0000042432',
        'W',
        'R',
        'S',
        'BMSSYS0000042432',
        'TESTDATA00000001',
        '2016-09-13 00:00:00'
    ),
    (
        'BMSSYS0000042438',
        'W',
        'R',
        'S',
        'BMSSYS0000042438',
        'TESTDATA00000001',
        '2016-09-13 00:00:00'
    ),
    (
        'NBNSYS0000000063',
        'I',
        'R',
        'S',
        'NHMSYS0000530313',
        'TESTDATA00000001',
        '2004-07-13 00:00:00'
    ),
    (
        'NBNSYS0000003949',
        'W',
        'R',
        'S',
        'NBNSYS0000003949',
        'TESTDATA00000001',
        '2004-05-25 00:00:00'
    ),
    (
        'NBNSYS0000131062',
        'I',
        'R',
        'S',
        'NHMSYS0000375310',
        'TESTDATA00000001',
        '2004-03-09 00:00:00'
    ),
    (
        'NBNSYS0000159760',
        'W',
        'R',
        'S',
        'NBNSYS0000159760',
        'TESTDATA00000001',
        '2004-07-13 00:00:00'
    ),
    (
        'NBNSYS0000160558',
        'W',
        'R',
        'S',
        'NBNSYS0000160558',
        'TESTDATA00000001',
        '2004-05-25 00:00:00'
    ),
    (
        'NBNSYS0000160635',
        'W',
        'R',
        'S',
        'NBNSYS0000160635',
        'TESTDATA00000001',
        '2004-07-13 00:00:00'
    ),
    (
        'NBNSYS0000164907',
        'W',
        'R',
        'V',
        'NBNSYS0000003949',
        'TESTDATA00000001',
        '2004-05-25 00:00:00'
    ),
    (
        'NBNSYS0000167007',
        'W',
        'R',
        'V',
        'BMSSYS0000042432',
        'TESTDATA00000001',
        '2006-12-20 00:00:00'
    ),
    (
        'NBNSYS0000169790',
        'W',
        'R',
        'V',
        'NHMSYS0000530313',
        'TESTDATA00000001',
        '2004-07-13 00:00:00'
    ),
    (
        'NBNSYS0000189631',
        'W',
        'S',
        'V',
        'NHMSYS0000530313',
        'TESTDATA00000001',
        '2004-07-13 00:00:00'
    ),
    (
        'NBNSYS0100001342',
        'I',
        'R',
        'S',
        'NBNSYS0100001342',
        'TESTDATA00000001',
        '2006-06-30 00:00:00'
    ),
    (
        'NBNSYS0100002380',
        'I',
        'R',
        'S',
        'NBNSYS0100002380',
        'TESTDATA00000001',
        '2006-06-30 00:00:00'
    ),
    (
        'NBNSYS0100003095',
        'I',
        'R',
        'S',
        'NBNSYS0100003095',
        'TESTDATA00000001',
        '2006-06-30 00:00:00'
    ),
    (
        'NBNSYS0100003871',
        'W',
        'R',
        'S',
        'NBNSYS0100003871',
        'TESTDATA00000001',
        '2006-05-19 00:00:00'
    ),
    (
        'NBNSYS0100004757',
        'W',
        'R',
        'S',
        'NBNSYS0100004757',
        'TESTDATA00000001',
        '2006-06-30 00:00:00'
    ),
    (
        'NBNSYS0100005954',
        'I',
        'R',
        'S',
        'NBNSYS0100005954',
        'TESTDATA00000001',
        '2006-06-30 00:00:00'
    ),
    (
        'NHMSYS0000375304',
        'W',
        'R',
        'S',
        'NHMSYS0000375304',
        'TESTDATA00000001',
        '2004-03-09 00:00:00'
    ),
    (
        'NHMSYS0000375308',
        'W',
        'R',
        'S',
        'NHMSYS0000375308',
        'TESTDATA00000001',
        '2004-03-09 00:00:00'
    ),
    (
        'NHMSYS0000375309',
        'W',
        'R',
        'S',
        'NHMSYS0000375309',
        'TESTDATA00000001',
        '2004-03-09 00:00:00'
    ),
    (
        'NHMSYS0000375310',
        'W',
        'R',
        'S',
        'NHMSYS0000375310',
        'TESTDATA00000001',
        '2004-03-09 00:00:00'
    ),
    (
        'NHMSYS0000458889',
        'W',
        'R',
        'S',
        'NHMSYS0000458889',
        'TESTDATA00000001',
        '2004-05-25 00:00:00'
    ),
    (
        'NHMSYS0000530312',
        'W',
        'R',
        'S',
        'NHMSYS0000530312',
        'TESTDATA00000001',
        '2004-07-13 00:00:00'
    ),
    (
        'NHMSYS0000530313',
        'W',
        'R',
        'S',
        'NHMSYS0000530313',
        'TESTDATA00000001',
        '2004-07-13 00:00:00'
    ),
    (
        'NHMSYS0000841313',
        'W',
        'R',
        'S',
        'NHMSYS0000841313',
        'TESTDATA00000001',
        '2005-07-07 00:00:00'
    ),
    (
        'NHMSYS0001442739',
        'U',
        'U',
        'V',
        'BMSSYS0000042432',
        'TESTDATA00000001',
        '2006-06-23 00:00:00'
    ),
    (
        'NHMSYS0001473744',
        'U',
        'U',
        'S',
        'BMSSYS0000042432',
        'TESTDATA00000001',
        '2006-06-23 00:00:00'
    ),
    (
        'NHMSYS0001474406',
        'W',
        'R',
        'S',
        'NHMSYS0001474406',
        'TESTDATA00000001',
        '2006-06-23 00:00:00'
    ),
    (
        'NHMSYS0001474428',
        'W',
        'S',
        'S',
        'BMSSYS0000042432',
        'TESTDATA00000001',
        '2006-06-23 00:00:00'
    ),
    (
        'NHMSYS0001474459',
        'U',
        'U',
        'S',
        'BMSSYS0000042432',
        'TESTDATA00000001',
        '2006-06-23 00:00:00'
    ),
    (
        'NHMSYS0001474462',
        'W',
        'S',
        'S',
        'BMSSYS0000042432',
        'TESTDATA00000001',
        '2006-06-23 00:00:00'
    ),
    (
        'NHMSYS0001474463',
        'W',
        'S',
        'S',
        'BMSSYS0000042432',
        'TESTDATA00000001',
        '2006-06-23 00:00:00'
    ),
    (
        'NHMSYS0001749358',
        'I',
        'R',
        'S',
        'NBNSYS0000003949',
        'TESTDATA00000001',
        '2006-05-19 00:00:00'
    ),
    (
        'NHMSYS0020534935',
        'W',
        'R',
        'S',
        'NHMSYS0020534935',
        'TESTDATA00000001',
        '2009-12-11 00:00:00'
    ),
    (
        'NHMSYS0020534936',
        'W',
        'R',
        'S',
        'NHMSYS0020534936',
        'TESTDATA00000001',
        '2009-12-11 00:00:00'
    ),
    (
        'NHMSYS0020534937',
        'W',
        'R',
        'S',
        'NHMSYS0020534937',
        'TESTDATA00000001',
        '2009-12-11 00:00:00'
    ),
    (
        'NHMSYS0020534938',
        'W',
        'R',
        'S',
        'NHMSYS0020534938',
        'TESTDATA00000001',
        '2009-12-11 00:00:00'
    ),
    (
        'NHMSYS0020535073',
        'W',
        'R',
        'S',
        'NHMSYS0020535073',
        'TESTDATA00000001',
        '2009-12-11 00:00:00'
    ),
    (
        'NHMSYS0020535450',
        'W',
        'R',
        'S',
        'NHMSYS0020535450',
        'TESTDATA00000001',
        '2009-12-11 00:00:00'
    ),
    (
        'NHMSYS0020553364',
        'W',
        'R',
        'V',
        'NHMSYS0000530313',
        'TESTDATA00000001',
        '2010-04-13 00:00:00'
    ),
    (
        'NHMSYS0020553986',
        'W',
        'R',
        'V',
        'NHMSYS0000530313',
        'TESTDATA00000001',
        '2010-04-13 00:00:00'
    ),
    (
        'NHMSYS0020589135',
        'W',
        'S',
        'V',
        'NBNSYS0000003949',
        'TESTDATA00000001',
        '2010-04-21 00:00:00'
    ),
    (
        'NHMSYS0020589136',
        'W',
        'R',
        'V',
        'NBNSYS0000003949',
        'TESTDATA00000001',
        '2010-04-21 00:00:00'
    ),
    (
        'NHMSYS0020593507',
        'W',
        'R',
        'V',
        'NBNSYS0000003949',
        'TESTDATA00000001',
        '2010-04-21 00:00:00'
    ),
    (
        'NHMSYS0020594317',
        'W',
        'S',
        'V',
        'NBNSYS0000003949',
        'TESTDATA00000001',
        '2010-04-21 00:00:00'
    ),
    (
        'NHMSYS0020787695',
        'I',
        'R',
        'S',
        'NHMSYS0020787695',
        'TESTDATA00000001',
        '2011-08-03 00:00:00'
    ),
    (
        'NHMSYS0020796032',
        'W',
        'R',
        'V',
        'BMSSYS0000042432',
        'TESTDATA00000001',
        '2011-08-17 00:00:00'
    ),
    (
        'NHMSYS0020796033',
        'W',
        'R',
        'V',
        'BMSSYS0000042432',
        'TESTDATA00000001',
        '2011-08-17 00:00:00'
    ),
    (
        'NHMSYS0020797094',
        'W',
        'R',
        'V',
        'NHMSYS0000530313',
        'TESTDATA00000001',
        '2011-08-17 00:00:00'
    ),
    (
        'NHMSYS0020797095',
        'W',
        'S',
        'V',
        'NHMSYS0000530313',
        'TESTDATA00000001',
        '2011-08-17 00:00:00'
    ),
    (
        'NHMSYS0020797096',
        'W',
        'S',
        'V',
        'NHMSYS0000530313',
        'TESTDATA00000001',
        '2011-08-17 00:00:00'
    ),
    (
        'NHMSYS0020797943',
        'W',
        'R',
        'V',
        'NBNSYS0000003949',
        'TESTDATA00000001',
        '2011-08-17 00:00:00'
    ),
    (
        'NHMSYS0020797944',
        'W',
        'S',
        'V',
        'NBNSYS0000003949',
        'TESTDATA00000001',
        '2011-08-17 00:00:00'
    ),
    (
        'NHMSYS0021048735',
        'W',
        'R',
        'S',
        'NHMSYS0021048735',
        'TESTDATA00000001',
        '2014-07-30 00:00:00'
    ),
    (
        'NHMSYS0021053521',
        'I',
        'R',
        'S',
        'NHMSYS0021053521',
        'TESTDATA00000001',
        '2014-07-30 00:00:00'
    ),
    (
        'NHMSYS0021060389',
        'W',
        'R',
        'S',
        'NHMSYS0021060389',
        'TESTDATA00000001',
        '2014-07-30 00:00:00'
    ),
    (
        'NHMSYS0021303506',
        'W',
        'S',
        'V',
        'NHMSYS0000530313',
        'TESTDATA00000001',
        '2020-07-21 00:00:00'
    );

INSERT INTO
    uksi.ORGANISM (
        organism_key,
        parent_key,
        taxon_version_key,
        marine_flag,
        terrestrial_freshwater_flag,
        freshwater,
        organism_rank_key,
        sort_level,
        sort_order,
        sort_code,
        has_children,
        entered_by,
        entry_date,
        system_supplied_data
    )
VALUES
    (
        'NBNORG0000008217',
        'NBNORG0000054419',
        'NBNSYS0000003949',
        null,
        null,
        null,
        'NBNSYS0000000028',
        9,
        '000204040M05150A0203000000000000000000000000000000',
        '125047',
        true,
        'TESTDATA00000001',
        '2012-03-05 00:00:00',
        true
    ),
    (
        'NBNORG0000027394',
        'NBNORG0000027866',
        'NBNSYS0000159760',
        null,
        'Y',
        null,
        'NBNSYS0000000018',
        8,
        '000204010E06010I0C00000000000000000000000000000000',
        '61611',
        true,
        'TESTDATA00000001',
        '2012-03-05 00:00:00',
        true
    ),
    (
        'NBNORG0000027821',
        'NBNORG0000113022',
        'NBNSYS0000160558',
        null,
        'Y',
        null,
        'NBNSYS0000000018',
        7,
        '000204040M05150A0000000000000000000000000000000000',
        '125034',
        true,
        'TESTDATA00000001',
        '2012-03-05 00:00:00',
        true
    ),
    (
        'NBNORG0000027866',
        'NBNORG0000070967',
        'NBNSYS0000160635',
        null,
        'Y',
        null,
        'NBNSYS0000000012',
        7,
        '000204010E06010I0000000000000000000000000000000000',
        '61488',
        true,
        'TESTDATA00000001',
        '2012-03-05 00:00:00',
        true
    ),
    (
        'NBNORG0000041005',
        'NBNORG0000041946',
        'NBNSYS0100001342',
        'Y',
        'Y',
        null,
        'NBNSYS0000000002',
        3,
        '00020401000000000000000000000000000000000000000000',
        '716',
        true,
        'TESTDATA00000001',
        '2012-03-05 00:00:00',
        true
    ),
    (
        'NBNORG0000041512',
        'NBNORG0000041005',
        'NBNSYS0100002380',
        'Y',
        'Y',
        null,
        'NBNSYS0000000004',
        4,
        '000204010E0000000000000000000000000000000000000000',
        '57995',
        true,
        'TESTDATA00000001',
        '2012-03-05 00:00:00',
        true
    ),
    (
        'NBNORG0000041946',
        'NBNORG0000114947',
        'NBNSYS0100003095',
        null,
        null,
        null,
        'NHMSYS0021122282',
        2,
        '00020400000000000000000000000000000000000000000000',
        '715',
        true,
        'TESTDATA00000001',
        '2012-03-05 00:00:00',
        true
    ),
    (
        'NBNORG0000042380',
        'NBNORG0000104579',
        'NBNSYS0100003871',
        'Y',
        'Y',
        null,
        'NBNSYS0000000009',
        5,
        '000204040M0500000000000000000000000000000000000000',
        '118624',
        true,
        'TESTDATA00000001',
        '2012-03-05 00:00:00',
        true
    ),
    (
        'NBNORG0000043568',
        'NBNORG0000041512',
        'NBNSYS0100005954',
        'Y',
        'Y',
        null,
        'NBNSYS0000000006',
        5,
        '000204010E0400000000000000000000000000000000000000',
        '58295',
        true,
        'TESTDATA00000001',
        '2012-03-05 00:00:00',
        true
    ),
    (
        'NBNORG0000052400',
        'NBNORG0000043568',
        'NHMSYS0000375304',
        null,
        'Y',
        'Y',
        'NBNSYS0000000009',
        6,
        '000204010E0403000000000000000000000000000000000000',
        '58324',
        true,
        'TESTDATA00000001',
        '2012-03-05 00:00:00',
        true
    ),
    (
        'NBNORG0000052404',
        'NBNORG0000052400',
        'NHMSYS0000375308',
        null,
        'Y',
        'Y',
        'NBNSYS0000000012',
        7,
        '000204010E0403010000000000000000000000000000000000',
        '58325',
        true,
        'TESTDATA00000001',
        '2012-03-05 00:00:00',
        true
    ),
    (
        'NBNORG0000052405',
        'NBNORG0000052404',
        'NHMSYS0000375309',
        null,
        'Y',
        'Y',
        'NBNSYS0000000018',
        8,
        '000204010E0403010300000000000000000000000000000000',
        '58341',
        true,
        'TESTDATA00000001',
        '2012-03-05 00:00:00',
        true
    ),
    (
        'NBNORG0000052406',
        'NBNORG0000052405',
        'NHMSYS0000375310',
        null,
        'Y',
        'Y',
        'NBNSYS0000000022',
        9,
        '000204010E0403010301000000000000000000000000000000',
        '58342',
        true,
        'TESTDATA00000001',
        '2012-03-05 00:00:00',
        true
    ),
    (
        'NBNORG0000054419',
        'NBNORG0000027821',
        'NHMSYS0000458889',
        null,
        'Y',
        null,
        'NBNSYS0000000022',
        8,
        '000204040M05150A0200000000000000000000000000000000',
        '125041',
        true,
        'TESTDATA00000001',
        '2012-03-05 00:00:00',
        true
    ),
    (
        'NBNORG0000060749',
        'NBNORG0000027394',
        'NHMSYS0000530312',
        null,
        'Y',
        null,
        'NBNSYS0000000022',
        9,
        '000204010E06010I0C02000000000000000000000000000000',
        '61617',
        true,
        'TESTDATA00000001',
        '2012-03-05 00:00:00',
        true
    ),
    (
        'NBNORG0000060750',
        'NBNORG0000060749',
        'NHMSYS0000530313',
        null,
        null,
        null,
        'NBNSYS0000000028',
        10,
        '000204010E06010I0C02040000000000000000000000000000',
        '61621',
        true,
        'TESTDATA00000001',
        '2012-03-05 00:00:00',
        true
    ),
    (
        'NBNORG0000070967',
        'NBNORG0000114956',
        'NHMSYS0000841313',
        'Y',
        'Y',
        null,
        'NBNSYS0000000009',
        6,
        '000204010E0601000000000000000000000000000000000000',
        '60285',
        true,
        'TESTDATA00000001',
        '2012-03-05 00:00:00',
        true
    ),
    (
        'NBNORG0000076271',
        'NBNORG0000118449',
        'NHMSYS0001474406',
        null,
        'Y',
        null,
        'NBNSYS0000000022',
        10,
        '000204030K0101020103010000000000000000000000000000',
        '102538',
        true,
        'TESTDATA00000001',
        '2012-03-05 00:00:00',
        true
    ),
    (
        'NBNORG0000076286',
        'NBNORG0000076271',
        'BMSSYS0000042430',
        null,
        'Y',
        null,
        'NBNSYS0000000028',
        11,
        '000204030K0101020103011300000000000000000000000000',
        '102584',
        true,
        'TESTDATA00000001',
        '2012-03-05 00:00:00',
        true
    ),
    (
        'NBNORG0000076289',
        'NBNORG0000076286',
        'BMSSYS0000042432',
        null,
        'Y',
        null,
        'NBNSYS0000000035',
        12,
        '000204030K0101020103011304000000000000000000000000',
        '102588',
        false,
        'TESTDATA00000001',
        '2012-03-05 00:00:00',
        true
    ),
    (
        'NBNORG0000097809',
        'NBNORG0000097811',
        'NHMSYS0020534935',
        'Y',
        'Y',
        null,
        'NBNSYS0000000012',
        8,
        '000204030K0101020100000000000000000000000000000000',
        '101885',
        true,
        'TESTDATA00000001',
        '2012-03-05 00:00:00',
        true
    ),
    (
        'NBNORG0000097810',
        'NBNORG0000117654',
        'NHMSYS0020534936',
        'Y',
        'Y',
        null,
        'NBNSYS0000000009',
        6,
        '000204030K0101000000000000000000000000000000000000',
        '101882',
        true,
        'TESTDATA00000001',
        '2012-03-05 00:00:00',
        true
    ),
    (
        'NBNORG0000097811',
        'NBNORG0000097810',
        'NHMSYS0020534937',
        'Y',
        'Y',
        null,
        'NBNSYS0000000010',
        7,
        '000204030K0101020000000000000000000000000000000000',
        '101884',
        true,
        'TESTDATA00000001',
        '2012-03-05 00:00:00',
        true
    ),
    (
        'NBNORG0000097942',
        'NBNORG0000117885',
        'NHMSYS0020535073',
        'Y',
        'Y',
        null,
        'NBNSYS0000000004',
        4,
        '000204030K0000000000000000000000000000000000000000',
        '101880',
        true,
        'TESTDATA00000001',
        '2012-03-05 00:00:00',
        true
    ),
    (
        'NBNORG0000104579',
        'NBNORG0000118159',
        'NHMSYS0020787695',
        'Y',
        'Y',
        null,
        'NBNSYS0000000004',
        4,
        '000204040M0000000000000000000000000000000000000000',
        '118580',
        true,
        'TESTDATA00000001',
        '2012-03-05 00:00:00',
        true
    ),
    (
        'NBNORG0000113022',
        'NBNORG0000042380',
        'NHMSYS0021060389',
        'Y',
        'Y',
        null,
        'NBNSYS0000000012',
        6,
        '000204040M0515000000000000000000000000000000000000',
        '124701',
        true,
        'TESTDATA00000001',
        '2014-08-14 00:00:00',
        true
    ),
    (
        'NBNORG0000114947',
        null,
        'NHMSYS0021048735',
        'Y',
        'Y',
        'Y',
        'NHMSYS0020774733',
        1,
        '00020000000000000000000000000000000000000000000000',
        '45',
        true,
        'TESTDATA00000001',
        '2014-08-14 00:00:00',
        true
    ),
    (
        'NBNORG0000114956',
        'NBNORG0000041512',
        'NHMSYS0021053521',
        'Y',
        null,
        null,
        'NBNSYS0000000008',
        5,
        '000204010E0600000000000000000000000000000000000000',
        '60284',
        true,
        'TESTDATA00000001',
        '2014-08-14 00:00:00',
        true
    ),
    (
        'NBNORG0000117654',
        'NBNORG0000097942',
        'NHMSYS0020534938',
        'Y',
        'Y',
        null,
        'NBNSYS0000000006',
        5,
        '000204030K0100000000000000000000000000000000000000',
        '101881',
        true,
        'TESTDATA00000001',
        '2016-09-13 00:00:00',
        true
    ),
    (
        'NBNORG0000117885',
        'NBNORG0000041946',
        'NHMSYS0020535450',
        'Y',
        'Y',
        'Y',
        'NBNSYS0000000002',
        3,
        '00020403000000000000000000000000000000000000000000',
        '84422',
        true,
        'TESTDATA00000001',
        '2016-09-13 00:00:00',
        true
    ),
    (
        'NBNORG0000118159',
        'NBNORG0000041946',
        'NBNSYS0100004757',
        'Y',
        'Y',
        null,
        'NBNSYS0000000002',
        3,
        '00020404000000000000000000000000000000000000000000',
        '111787',
        true,
        'TESTDATA00000001',
        '2016-09-13 00:00:00',
        true
    ),
    (
        'NBNORG0000118449',
        'NBNORG0000097809',
        'BMSSYS0000042438',
        null,
        'Y',
        null,
        'NBNSYS0000000018',
        9,
        '000204030K0101020103000000000000000000000000000000',
        '102537',
        true,
        'TESTDATA00000001',
        '2016-09-13 00:00:00',
        true
    );
